location_id,field_name,community,address,city,state,zip,latitude,longitude,game_count
144,Walker Road Park,Bay Village,31621 Walker Road,Avon Lake,Oh,44012,41.492683,-81.970505,148
13,Barlow Farm Park,Hudson,1965 Barlow Road,Hudson,OH,44236,41.218658,-81.424347,111
249,Troy Intermediate School,Avon Lake,237 Belmar Blvd,Avon Lake,OH,44012,41.499325,-82.036926,108
12,Schady Rd Soccer Complex,Olmsted Falls,27075 Schady Road,Olmsted Falls,Oh,44138,41.363373,-81.941856,92
261,Lucille Heasley Soccer Fields,North Royalton,5100 Wallings Rd,North Royalton,OH,44133,41.333012,-81.721977,86
230,Foltz Fields,Strongsville,15301 Foltz Industrial Parkway,Strongsville,Oh,44149,41.301456,-81.870888,84
205,Medina Huffman/Cunningham Fields,Medina,4440 Weymouth Rd.,Medina,OH,44256,41.154415,-81.831406,81
330,Schwartz Road Park,Avon,35001 Schwartz Road,Avon,OH,44011,41.439964,-82.000275,76
337,Barton-Bradley Recreation Fields,North Olmsted,30642 Bradley Rd,North Olmsted,OH,44070,41.402107,-81.965591,68
6,Linden Park,Rocky River,Linden Rd,Rocky River,Oh,44116,41.458858,-81.847008,65
162,Spring Hill Sports Complex,Green,3749 Fortuna Dr,Akron,OH,44312,40.970058,-81.486801,60
332,James Day Park,Parma,11828 Pleasant Valley Rd,Parma,Oh,44130,41.364872,-81.768730,60
199,Sharon Community Park,Highland,6674 Ridge Rd,Wadsworth,OH,44281,41.093090,-81.735603,59
210,Muhl Fields,Wadsworth,390 Trease Road,Wadsworth,OH,44281,41.017506,-81.748924,56
372,Blossom Hill,Brecksville Bees SA,4400 Oakes Road,Brecksville,Oh,44141,41.304996,-81.661255,56
358,Ashland Comunity Soccer Park,Ashland,1580 Middle Rowsburg Road,Ashland,OH,44805,40.872303,-82.288521,52
246,Porter Fields,Westlake,29301 Center Ridge Road,Westlake,OH,44145,41.432343,-81.943947,51
90,Oberland Park,Geauga Federation SC,14775 Auburn Rd,Newbury,Oh,44065,41.466331,-81.243645,48
483,Sports Force Parks,Sandusky,3115 Cleveland Rd,Sandusky,OH,44870,41.431690,-82.652924,48
666,Root Road Soccer Complex,North Ridgeville,8949 Root Road,North Ridgeville,OH,44039,41.364017,-81.990715,48
247,St John Medical Center Fields,Westlake,29000 Center Ridge Road,Westlake,OH,44145,41.436531,-81.944511,47
195,Garfield Middle School,Lakewood,13114 Detroit Ave,Lakewood,OH,44107,41.485783,-81.779701,46
175,Richfield Woods Park,Revere,4100 Broadview Rd,Richfield,Oh,44286,41.243141,-81.657303,45
8,Buckeye Primary School,Buckeye,3180 Columbia Rd,Medina,OH,44256,41.187717,-81.927521,44
177,Oregon Trail Park,Stow,2905 Graham Rd,Stow,Oh,44224,41.167919,-81.409698,44
223,Tri-City Park,Fairview Park,22950 Westwood,Fairview Park,Oh,44126,41.449783,-81.874329,44
448,Hartman Park (Townline Rd soccer fields),Aurora,305 Townline Rd,Aurora,oh,44202,41.323498,-81.300247,44
44,Glenwillow Fields,Solon United,7360 Austin Powder Dr.,Solon,OH,44139,41.358631,-81.470985,43
49,Gurney Elementary,Chagrin Falls,1155 Bell Rd,Chagrin Falls,OH,44022,41.433563,-81.344444,42
108,Mayfield Village,Mayfield,300 North Commons Boulevard,Mayfield Village,OH,44143,41.564480,-81.444344,41
288,Tri-City Park,Rocky River,3640 Delmar Dr,Rocky River,Oh,44116,41.452179,-81.872437,41
616,Settler's Park,Kenston,17800 Haskins Road,Chagrin Falls,Oh,44023,41.384686,-81.326340,41
15,Riverview Elementary 7v7,Riverside,845 Madison Ave,Painesville,Oh,44077,41.727589,-81.220947,40
60,Cloverleaf Soccer Association Fields,Cloverleaf,8075 Buffham Rod,Lodi,OH,44254,41.041016,-81.980164,40
169,Arrowhead School,Copley,1600 Raleigh Blvd.,Copley,OH,44321,41.090687,-81.637466,40
176,Silver Springs Park,Stow,5027 Stow Rd,Stow,OH,44224,41.196747,-81.417053,40
279,Waterworks Park,Cuyahoga Falls,2025 Munroe Falls Ave,Cuyahoga Falls,OH,44221,41.140919,-81.455688,40
318,Courtland Oval Field,Shaker Hts.,Courtland Oval,Shaker Heights,OH,44122,41.485661,-81.543114,39
251,Granger Park Fields,Highland,3717 Ridge Rd,Medina,OH,44256,41.174686,-81.741211,37
253,Memorial Elementary,Brunswick,3845 Magnolia Drive,Brunswick,OH,44214,41.270493,-81.823212,36
590,Copley Road Soccer Complex,Akron Inner City,1806 Copley Rd,Akron,OH,44320,41.086983,-81.586372,36
311,Madison Park,Lakewood,13201 Madison Ave,Lakewood,OH,44107,41.475002,-81.780754,35
73,Liberty Park,Twinsburg,9375 Liberty Rd.,Twinsburg,Oh,44087,41.317570,-81.419228,33
77,Kreuger Park,Mentor,7556 Chillicothe Road,Mentor,Oh,44060,41.664864,-81.308525,32
497,Manchester Middle School,Manchester,760 West Nimisila Rd,New Franklin,Oh,44319,40.937450,-81.561096,32
588,Middlebranch Elementary School,Eagles Select,7500 Middlebranch Ave NE,Canton,oh,44720,40.888741,-81.328888,32
668,Lake Community Park (Behind Lake HS Stadium),Lake Select SC,11920 Market Ave NE,Uniontown,Oh,44685,40.959610,-81.357803,32
439,Portage Lakes Career Center Fields,Green,4401 Shriver Rd,Uniontown,Oh,44685,40.943470,-81.471573,30
690,Parkside,Westlake,24525 Hilliard Blvd.,Westlake,OH,44145,41.461178,-81.893608,30
89,Midview Soccer Complex,Midview,16218 Chamberlain Rd,Grafton,Oh,44044,41.249809,-82.062538,29
378,Mercer Elementary School,Shaker Hts.,23325 Wimbledon Rd,Shaker Heights,OH,44122,41.475769,-81.515137,29
81,Osborne Park,Willoughby,38575 Lakeshore Blvd,Willoughby,Oh,44094,41.697067,-81.396721,28
178,Dodge Intermediate School,Twinsburg,10225 Ravenna Rd.,Twinsburg,Oh,44087,41.322033,-81.453606,28
254,Crestview Elementary,Brunswick,300 W. 130th Street,Brunswick,OH,44212,41.268188,-81.787025,28
420,Lomond School,Shaker Hts.,17917 Lomond Blvd,Shaker Heights,OH,44122,41.460407,-81.553589,28
477,St. Joan of Arc,Perry (Stark),4940 W Tuscarawas St,Canton,OH,44708,40.792858,-81.440643,28
487,Shaker Heights Middle School,Shaker Hts.,20600 Shaker Blvd,Shaker Heights,OH,44122,41.477341,-81.533417,28
583,Oakleaf Community Park,Norton,3163 Wadsworth Road,Norton,OH,44203,41.051380,-81.642380,28
595,Northwest Middle School Fields,Northwest,8614 Erie Ave. N,Canal Fulton,OH,44614,40.909664,-81.616089,28
663,Hartman Park,NP Aurora,305 Townline Rd,Aurora,OH,44202,41.324570,-81.299377,28
719,Columbia Soccer Fields,Columbia Station,13644 Columbia West River Rd.,Columbia Station,Oh,44028,41.310993,-81.923393,28
298,DePaola Park,Amherst,999 Amchester Dr,Amherst,OH,44001,41.415916,-82.203674,27
289,Madison Middle School,Madison,6079 Middle Ridge Road,Madison,OH,44057,41.791576,-81.072395,26
16,LaGrange Community Park,LaGrange,422 W Main St.,LaGrange,OH,44050,41.233444,-82.127136,24
115,Macedonia Rec Center 9v9 Field,Nordonia,1511 E. Aurora Rd.,Macedonia,OH,44056,41.316292,-81.485725,24
124,Elmwood Park,Independence,6363 Selig Road,Independence,OH,44131,41.378551,-81.647667,24
264,Orange - Brady Middle School B4 9v9 Field - Upper Left Corner,Orange,32000 Chagrin Boulevard,Orange,OH,44124,41.457684,-81.454964,24
331,Vermilion Soccer Club Fields,Vermilion,51750 North Ridge Rd.,Vermilion,OH,44089,41.376797,-82.326225,24
596,Deeds Field,Dover,125 Williams Drive,Dover,OH,44622,40.556416,-81.498520,24
316,Shaker Heights Main Library,Shaker Hts.,16500 Van Aken Blvd,Shaker Heights,OH,44120,41.465893,-81.566483,23
484,Summit Fairgrounds,Tallmadge,730 North Avenue,Tallmadge,OH,44278,41.121914,-81.438782,23
70,West Geauga Commons,West Geauga,14070 Chillicothe Road,Novelty,OH,44072,41.486095,-81.343102,21
224,Spire Institute,Geneva,5201 Spire Circle,Geneva,OH,44041,41.773827,-80.941177,21
222,City Park,Streetsboro,9000 Kirby Lane,Streetsboro,OH,44241,41.236401,-81.321426,20
308,Amherst Junior High,Amherst,548 Milan Ave,Amherst,OH,44001,41.395481,-82.236244,20
540,Roxbury Field,Solon United,6800 SOM Ctr Rd,Solon,Oh,44139,41.374245,-81.439819,20
614,Hoover Park,North Canton,1875 E Maple St,North Canton,OH,44720,40.875385,-81.370041,20
717,Hopfinger Zimmerman Park,Port Clinton,4909 W Oak Harbor Southeast Rd,Port Clinton,Oh,43452,41.486919,-83.028297,20
154,Revere High School,Revere,3420 Everett Rd,Richfield,Oh,44286,41.200485,-81.618050,19
206,Medina - Whitetail Crossing,Medina,4224 Deer Run Drive,Medina,OH,44256,41.088604,-81.840393,19
207,Medina - Blakeslee Park,Medina,3565 Fenn Road,Medina,OH,44256,41.170898,-81.816811,19
47,Solon Community Park,Solon United,6775 SOM Ctr Rd,SOLON,OH,44139,41.374561,-81.437744,17
775,Kirk Schuring Park,Jackson,4190 Belden Greens Cir NW,Canton,OH,44718,40.842236,-81.443008,17
3,Rocky River High School,Rocky River,20951 Detroit Rd,Rocky River,Oh,44116,41.473316,-81.851273,16
19,MQA Soccer Fields (Mary Queen of the Apostle's Church),TUSA,6455 Engle Road,Brook Park,OH,44142,41.391449,-81.823563,16
69,Clay Eddy Fields,West Geauga,7871 Wilson Mills Road,Chesterland,OH,44072,41.543468,-81.360329,16
241,Broadview Heights A Field,Broadview Hts.,8938 Broadview Rd.,Broadview Heights,OH,44147,41.322468,-81.685852,16
256,Hopkins Park (Laurel),Brunswick,3089 Laurel Road,Brunswick,Oh,44212,41.228249,-81.829948,16
258,Orange - Brady Middle School 7v7 Fields,Orange,32000 Chagrin Boulevard,Orange,Oh,44124,41.454521,-81.447517,16
323,Sofios Park,Norwalk HCYSC,39 N. Old State Rd,Norwalk,Oh,44857,41.257683,-82.592346,16
383,Riverside High School - grass field 11v11,Riverside,585 Riverside Dr,Paineville,OH,44077,41.713051,-81.218460,16
505,Meredith Park,Perry (Stark),843 Genoa Ave SW,Massillon,Oh,44646,40.786556,-81.465820,16
545,Champion Event Center,North Canton,340 Mississippi St SE,North Canton,OH,44212,40.865810,-81.394798,16
618,Kenston High School Bomber Stadium,Kenston,9500 Bainbridge Road,Chagrin Falls,OH,44023,41.392948,-81.303825,16
651,Rootstown Community Park,Rootstown,4104 Case Ave,Rootstown,OH,44272,41.093884,-81.225624,16
774,Pleasant Valley (7v7),New Philadelphia,2012 Pleasant Valley Rd NE,New Philadelphia,OH,44663,40.507915,-81.418518,15
50,Chagrin Falls High School,Chagrin Falls,400 E. Washington St.,Chagrin Falls,OH,44022,41.428261,-81.381477,14
112,Canterbury Elementary School,Eastside Kickers,2530 Canterbury Rd,Cleveland Heights,OH,44118,41.491676,-81.549850,14
23,Fairview Park High School 11 v 11,Fairview Park,4507 W. 213 St,Fairview Park,OH,44126,41.442810,-81.855774,12
63,Baumgardner Middle School,Eastside Kickers,3665 Monticello Blvd,Cleveland Heights,OH,44121,41.531681,-81.548843,12
126,Independence High School (Grass),Independence,6001 Archwood Road,Independence,OH,44131,41.374195,-81.649071,12
129,Nordonia High School,Nordonia,8006 south bedford rd,Macedonia,oh,44056,41.302628,-81.511078,12
155,Bath Community Center,Revere,1615 N Cleveland Massilon Rd,Akron,Oh,44333,41.179089,-81.630600,12
499,Stonewater Field,Kent,502 Stonewater Drive,Kent,OH,44240,41.156147,-81.382210,12
524,Hoover High Soccer Stadium,North Canton,426 Wise Ave NE,North Canton,OH,44720,40.880985,-81.393486,12
575,Pleasant Valley (9v9),New Philadelphia,2012 Pleasant Valley Rd NE,New Philadelphia,Oh,44663,40.507915,-81.418518,12
577,Newton Park,Barberton,760 Newton St,Barberton,OH,44203,41.030369,-81.598389,12
594,Logan Field - #330,PLX United,2701 N Turkeyfoot Rd,Akron,OH,44319,41.014530,-81.532486,12
689,Dudley Park,Wickliffe,31500 Willowick Dr,Willowick,Oh,44095,41.639450,-81.463905,12
715,Mantua Soccer,Mantua,11045 St Joseph Blvd,Mantua,OH,44255,41.292488,-81.229774,12
758,Firelands High School,Firelands,10521 Vermilion Rd,Oberlin,OH,44074,41.338608,-82.299347,12
61,Denison Park,Eastside Kickers,1015 Quarry Rd,Cleveland Heights,OH,44121,41.534809,-81.532402,11
74,Tiger Stadium - Turf,Twinsburg,10270 Ravenna Rd.,Twinsburg,Oh,4087,41.321110,-81.455894,11
109,Mayfield High School Stadium,Mayfield,6116 Wilson Mills Road,Mayfield Village,OH,44143,41.538918,-81.459007,11
228,Midview High School Turf (11v11),Midview,38199 Capel Rd,Grafton,Oh,44044,41.294323,-82.019897,11
257,Olmsted Falls High School Stadium,Olmsted Falls,26939 Bagley Road,Olmsted Falls,OH,44138,41.370056,-81.927521,11
654,Desan Park,Eastside Kickers,483 Trebisky Rd,Richmond Hts,Oh,44143,41.550339,-81.509888,11
732,Copley Fairlawn Middle School,Copley,1531 South Cleveland Massillon Rd,Copley,OH,44321,41.096272,-81.643074,11
739,Newbury Field 11v11,West Geauga,14775 Auburn Road,Newbury,Oh,,41.467171,-81.243523,11
361,Goldwood Primary School,Rocky River,21600 Center Ridge Rd,Rocky River,Oh,44116,41.461803,-81.859558,10
9,Eastlake Travel Soccer,Eastlake,35754 Lake Shore Blvd.,Eastlake,OH,44095,41.665573,-81.426666,8
42,Memorial Pool Field,Euclid,22450 Milton Drive,Euclid,OH,44123,41.601166,-81.523972,8
389,Broadview Heights Rec Center,Broadview Hts.,9543 Broadview Rd.,Broadview Heights,OH,44147,41.306656,-81.680763,8
394,Streetsboro High School,Streetsboro,8585 OH-14,Streetsboro,OH,44241,41.222881,-81.319687,8
416,Edson Park U13/U14,Field,4484 Edson Rd.,Kent,OH,44240,41.109325,-81.340416,8
500,Al Lease Field,Kent,1100 Denise Drive,Kent,OH,44240,41.158997,-81.383232,8
543,Broadview Heights C Field,Broadview Hts.,8938 Broadview Rd.,Broadview Heights,Oh,44147,41.322468,-81.685852,8
578,Barberton Community Sports Complex,Barberton,841 Wooster Rd W,Barberton,OH,44203,41.013359,-81.619972,8
581,Doylestown Memorial Turf Stadium,Chippewa,470 Park Drive,Doylestown,OH,44230,40.974525,-81.693085,8
587,Edinburg Park,Southeast,4326 Rock Spring RD,Ravenna,Oh,44266,41.107376,-81.145866,8
626,North Lawrence Township Park,Mustangs Jr,6235-6369 Manchester Ave NW,North Lawrence,Oh,44666,40.868210,-81.605087,8
627,North Larwrence Township Park,Mustangs Jr,6235-6369 Manchester Ave NW,North Lawrence,oh,44666,40.868210,-81.605087,8
721,Willowick Middle School,Wickliffe,"31500 Royalview Dr,",Willowick,OH,44095,41.631386,-81.461731,8
759,HowlandTownship Park,Warren,2000 Rosengarden Dr NE,Warren,OH,44484,41.247688,-80.750862,8
770,Woodridge Middle School,Cuyahoga Falls,4451 Quick Rd,Peninsula,OH,44264,41.194160,-81.508919,8
793,Fairless High School- Fred Brideweser Stadium,Fairless,11885 Navarre Road SW,Navarre,Oh,44662,40.703606,-81.585693,8
40,Orlando Park,Wickliffe,30100 Twin Lakes Dr.,Wickliffe,OH,44092,41.608578,-81.458763,7
598,North Lawrence Township Park,Mustangs Jr,6235-6369 Manchester Ave NW,North Lawrence,Oh,44666,40.868210,-81.605087,6
728,Jackson High School,Jackson,7600 Fulton Drive NW,Massillon,OH,44646,40.858982,-81.490158,6
749,Tru-Lay Stadium,Port Clinton,601 Fremont Rd.,Port Clinton,OH,43452,41.507683,-82.950867,6
161,Jindra Park,Wickliffe,900 Worden Rd.,Wickliffe,OH,44092,41.621014,-81.475555,5
307,Beaver Creek Park,Amherst,913 N Lake St,Amherst,OH,44001,41.407028,-82.237617,5
4,Rocky River Middle School,Rocky River,1631 Lakeview Ave,Rocky River,OH,44116,41.476170,-81.842758,4
111,Babbitt Road Field,Euclid,22550 Milton Drive,Euclid,OH,44123,41.600868,-81.522835,4
151,Bay High School,Bay Village,29230 Wolf Road,Bay Village,Oh,44140,41.485695,-81.942520,4
182,Brownhelm School,Firelands,1960 North Ridge Road,Amherst,Oh,44001,41.389786,-82.287964,4
481,Fishcreek Field,Kent,390 McKinney Blvd,Kent,OH,44240,41.169628,-81.370918,4
512,Brimfield Elementary School U9/U10,Field,4170 OH-43,Kent,OH,44240,41.103687,-81.343719,4
522,Canfield Township Park,Canfield,7419 Herbert Rd,Canfield,OH,44406,41.040981,-80.791306,4
582,Crossroads Soccer Fields Doylestown,Chippewa,700 Gates Street,Doylestown,OH,44230,40.984077,-81.697914,4
597,Becker Field,Dover,"2208 N Walnut Street, Rear",Dover,OH,44622,40.541142,-81.494011,4
607,Field High School,Field,2900 State Route 43,Mogadore,Oh,44260,41.068146,-81.345078,4
665,Charles R Hoagland West Rec (11v11),Elyria,505 Clemens Ave,Elyria,Oh,44035,41.381306,-82.136299,4
671,Norton Stadium (Turf),Norton,1 Panther Way,Norton,OH,44203,41.034611,-81.642212,4
772,Southside Community Park (11v11),New Philadelphia,989 Perry Dr SE,New Philadelphia,OH,44663,40.460686,-81.457581,4
787,4th Street Field,Fairless,498 Lincoln Ave SW,Brewster,OH,44613,40.709606,-81.604462,4
58,Geneva High School,Geneva,1301 S Ridge E,Geneva,OH,44041,41.800232,-80.928825,3
242,Strausser Elementary School,Jackson,8646 Strausser Street Northwest,Massillon,OH,44646,40.893726,-81.510094,3
312,Cove Park,Lakewood,1294 Cove Ave,Lakewood,OH,44107,41.487297,-81.776825,3
617,River Road Park,Kenston,17535 Chagrin River Road,Chagrin Falls,OH,44023,41.391235,-81.384621,3
662,Heigel Park,Port Clinton,4616 E Catawba Woods Rd,Port Clinton,OH,43452,41.576050,-82.847198,3
716,John Braun Park,Port Clinton,2370 N.E. Catawba Rd,Port Clinton,Oh,43452,41.559254,-82.833633,3
760,Warren JFk High School,Warren,2550 Central Parkway Ave,Warren,OH,44484,41.216816,-80.786057,3
33,Stanton Park,Madison,5585 Chapel Road,Madison,Oh,44057,41.821083,-81.091743,2
243,Jackson North Park,Jackson,7549 Community Pkwy NW,Massillon,OH,44646,40.862534,-81.489983,2
262,North Royalton Memorial Park Soccer Field,North Royalton,14600 State Rd,North Royalton,OH,44133,41.309700,-81.727478,2
456,Hudson High School,Hudson,2500 Hudson Aurora Road,Hudson,OH,44236,41.255775,-81.413589,2
722,Tuslaw High School,Mustangs Jr,1847 Manchester Ave NW,Massillon,Oh,44647,40.810730,-81.602562,2
165,Fairlawn Fields,Copley,3303 Ridgewood Rd.,Fairlawn,OH,44333,41.111931,-81.632622,1
495,Tallmadge HS Stadium,Tallmadge,140 North Monroe Road,Tallmadge,OH,44278,41.105171,-81.413048,1
683,Chelton Park,Shaker Hts.,3645 Chelton Road,Shaker Heights,OH,44120,41.461033,-81.567146,1
767,High School Field,Amherst,450 Washington St,AMHERST,Oh,44001,41.403816,-82.222336,1
